{
    "root_directory": "/zhome/fe/e/213609/DeepLearning/src/../data/csvs/parquets/",
    "num_files": 8165,
    "columns": {
        "COG": {
            "min": 0.0,
            "max": 359.9
        },
        "Heading": {
            "min": 0.0,
            "max": 494.0
        },
        "Latitude": {
            "min": 51.271528,
            "max": 59.307808
        },
        "Longitude": {
            "min": 0.0002,
            "max": 18.4068
        },
        "ROT": {
            "min": -708.7,
            "max": 708.7
        },
        "SOG": {
            "min": 0.0034296266666666644,
            "max": 25.30032685536723
        },
        "Velocity_E": {
            "min": -21.84136267173012,
            "max": 21.69860954010995
        },
        "Velocity_N": {
            "min": -23.214690172923763,
            "max": 23.337468236824865
        },
        "dLat": {
            "min": -4.265501999999998,
            "max": 4.265599999999999
        },
        "dLon": {
            "min": -12.030897,
            "max": 12.031379999999999
        },
        "dt": {
            "min": 0.0,
            "max": 119.866666666
        }
    }
}