{
    "root_directory": "D:\\Courses\\S3\\DeepLearning\\src\\../csvs/parquets/",
    "num_files": 9655,
    "columns": {
        "Draught": {
            "mean": 5.369025144443948,
            "std": 3.0352402394659093
        },
        "Heading": {
            "mean": 160.57472810243613,
            "std": 111.04229712922555
        },
        "Latitude": {
            "mean": 55.998115391282894,
            "std": 1.137189046490103
        },
        "Length": {
            "mean": 89.96407063886247,
            "std": 74.06739853540063
        },
        "Longitude": {
            "mean": 10.873975875854539,
            "std": 2.194164565105807
        },
        "ROT": {
            "mean": -0.24379694999276505,
            "std": 13.934297054904892
        },
        "SOG": {
            "mean": 2.8074191977173726,
            "std": 2.989803940984328
        },
        "Width": {
            "mean": 15.848130779830502,
            "std": 10.849472054323163
        },
        "ax": {
            "mean": 3.897606153320989e-06,
            "std": 0.34480615690213723
        },
        "ay": {
            "mean": 4.231649312359278e-05,
            "std": 0.2980097296311542
        },
        "cos_cog": {
            "mean": 0.02478350290471944,
            "std": 0.6993355494696044
        },
        "dt": {
            "mean": 59.9921406365898,
            "std": 8.306292932886166
        },
        "sin_cog": {
            "mean": -0.056586047523948906,
            "std": 0.7121190816551933
        },
        "vx": {
            "mean": -0.005850953130337965,
            "std": 3.0089173728183902
        },
        "vy": {
            "mean": 0.03536433300447887,
            "std": 2.8801096729706184
        },
        "x_meters": {
            "mean": 34115.06967734427,
            "std": 135461.0696749808
        },
        "y_meters": {
            "mean": -30738.237233240758,
            "std": 126449.65260496263
        }
    },
    "reference_point": {
        "lat0": 56.274551,
        "lon0": 10.321388500000001
    }
}