{
    "root_directory": "D:\\Courses\\S3\\DeepLearning\\src\\../csvs/parquets/",
    "num_files": 13646,
    "columns": {
        "Draught": {
            "mean": 5.353849761983815,
            "std": 3.029549842300267
        },
        "Heading": {
            "mean": 161.08656296080375,
            "std": 109.93337048879222
        },
        "Latitude": {
            "mean": 55.97295878378683,
            "std": 1.1328310311653198
        },
        "Length": {
            "mean": 90.3547207644659,
            "std": 74.11976344638633
        },
        "Longitude": {
            "mean": 10.888310883924328,
            "std": 2.177777723492921
        },
        "ROT": {
            "mean": -0.17991311656877007,
            "std": 12.398267281314283
        },
        "SOG": {
            "mean": 2.8461944000094057,
            "std": 3.003501909272122
        },
        "Width": {
            "mean": 15.891209978996729,
            "std": 10.808046950651363
        },
        "cos_cog": {
            "mean": 0.02057006356997293,
            "std": 0.7000982533201846
        },
        "dt": {
            "mean": 59.91375660204774,
            "std": 8.493976612991904
        },
        "sin_cog": {
            "mean": -0.049663641189450776,
            "std": 0.712020246149335
        }
    },
    "reference_point": {
        "lat0": 55.536151000000004,
        "lon0": 9.5675965
    }
}